Wonderful,Demo Content,Kent
Man of Steel,Demo Content,Kent
Robot,Demo Content,Kent
Wonder Women,Demo Content,Kent
Hyperman,Demo Content,Kent
Spidy,Demo Content,Kent
Villian,Demo Content,Kent
Orange,Demo Content,Kent
Lost,Demo Content,Kent
SpaceTime,Demo Content,Kent
Wonderful,Demo Content,Clark
Man of Steel,Demo Content,Clark
Robot,Demo Content,Clark
Wonder Women,Demo Content,Clark
Hyperman,Demo Content,Clark
Spidy,Demo Content,Clark
Villian,Demo Content,Clark
Orange,Demo Content,Clark
Lost,Demo Content,Clark
SpaceTime,Demo Content,Clark